{
  "name": "connectx",
  "title": "ConnectX",
  "description": "Classic Connect in a row but configurable.",
  "version": "1.0.0",
  "agents": [2],
  "configuration": {
    "columns": {
      "description": "The number of columns on the board",
      "type": "integer",
      "default": 7,
      "minimum": 1
    },
    "rows": {
      "description": "The number of rows on the board",
      "type": "integer",
      "default": 6,
      "minimum": 1
    },
    "inarow": {
      "description": "The number of checkers in a row required to win.",
      "type": "integer",
      "default": 4,
      "minimum": 1
    }
  },
  "reward": {
    "description": "0 = Lost, 0.5 = Draw, 1 = Won",
    "enum": [0, 0.5, 1],
    "default": 0.5
  },
  "observation": {
    "board": {
      "description": "Serialized grid (rows x columns). 0 = Empty, 1 = P1, 2 = P2",
      "type": "array",
      "items": {
        "enum": [0, 1, 2]
      },
      "default": []
    },
    "mark": {
      "default": 0,
      "description": "Which checkers are the agents.",
      "enum": [1, 2]
    }
  },
  "action": {
    "description": "Column to drop a checker onto the board.",
    "type": "integer",
    "minimum": 0,
    "default": 0
  },
  "reset": {
    "status": ["ACTIVE", "INACTIVE"],
    "observation": [{ "mark": 1 }, { "mark": 2 }]
  }
}
