Id,SalePrice,TruePrice
8505,1672020.0,2165000.0
5523,883040.0,815000.0
12852,536500.0,610000.0
4818,1259640.0,1245000.0
12812,845640.0,1160000.0
2153,1310295.52,1250000.0
9903,696360.0,715000.0
5105,950280.0,812000.0
6107,742844.0,750500.0
8876,645280.0,610000.0
10162,1373360.0,1210000.0
11268,561020.0,451500.0
13348,2228160.0,2800000.0
7161,1470504.0,1641000.0
7626,1159080.0,1185000.0
4339,583180.0,540000.0
7411,1115600.0,2000000.0
7681,1491640.0,1861000.0
9084,609420.0,600000.0
4344,906940.0,841000.0
6439,845280.0,1000000.0
11455,955800.04,950000.0
9453,1588300.0,1925000.0
7655,844160.0,794000.0
2980,813520.0,700000.0
12012,672260.0,655000.0
6031,665236.0,650000.0
950,834800.0,670000.0
12984,1467940.0,1390000.0
1282,858880.0,1100000.0
13104,810080.0,800000.0
9529,1107740.0,970000.0
6279,1092020.0,1085000.0
8439,1262240.0,1250000.0
1121,2316880.0,2800000.0
526,1116040.0,700000.0
5843,649780.0,575000.0
6546,1376640.0,1482500.0
11367,995540.0,1020000.0
7381,1058090.0,985000.0
2164,612820.0,522500.0
3148,2050800.0,2325000.0
12656,1077971.92,1830000.0
2876,677543.4,670000.0
2607,1385040.0,1300000.0
1204,2007880.0,1915000.0
12030,654000.0,840000.0
491,342860.0,280000.0
7996,921140.0,998000.0
10156,1162800.0,1700000.0
10725,1315700.0,1205000.0
7088,603180.0,480000.0
521,2558800.0,2800000.0
4544,970929.4,876000.0
7259,796940.0,705000.0
6970,1483600.0,1585000.0
3848,354940.0,350000.0
6798,1207780.0,910000.0
5078,524940.0,530000.0
7465,787880.0,1020000.0
6765,609520.0,675000.0
7532,1228400.0,1292000.0
2865,567960.0,460000.0
2252,1603247.52,1605000.0
457,767560.0,725000.0
1868,1037952.0,992000.0
12240,2277720.0,2515000.0
6823,1212800.0,1590000.0
4230,879000.0,776000.0
48,472540.0,450000.0
1471,1101840.0,990000.0
7980,689470.0,601000.0
6224,1352400.0,975000.0
9251,1017832.0,1011000.0
5921,1172720.0,600000.0
8148,1062400.0,935000.0
12578,1263627.76,1630000.0
5847,3712480.0,4400000.0
12228,1245180.0,1216000.0
8290,904960.0,1010000.0
8675,332820.0,380000.0
8252,866920.0,860000.0
3025,1451140.0,1560000.0
8925,661400.0,1240000.0
5607,468820.0,370000.0
3641,2425420.0,2075000.0
12051,470800.0,445000.0
4773,1172600.0,1250000.0
8567,1167640.0,1480000.0
2604,1703604.0,2300000.0
10708,1482924.0,1475000.0
1846,1976352.0,1262000.0
1581,1491840.0,1430000.0
577,2736240.0,2450000.0
33,457124.0,470000.0
8135,1083800.0,1410000.0
5090,462680.0,432000.0
10371,2165040.0,2258000.0
11249,608400.0,700000.0
2697,550100.0,615000.0
12169,725340.0,360000.0
6618,783020.0,710000.0
4523,722580.0,770000.0
7487,1681720.0,1900000.0
4543,1031664.0,981000.0
5158,545280.0,470000.0
5655,2041000.0,2285000.0
11997,600580.0,503000.0
719,1318360.0,1328000.0
4414,832300.0,790000.0
146,1238200.0,1780000.0
3954,425800.0,400000.0
1096,1607960.0,1550000.0
6203,1006040.0,990000.0
12663,854540.0,911000.0
11227,1405440.0,2330000.0
2241,2169440.0,1750000.0
5563,781370.0,1360000.0
5315,1410160.0,1346000.0
9674,589060.0,790000.0
12765,1474100.0,1325000.0
11343,936300.68,1054000.0
3267,649112.0,570000.0
6297,504500.0,571750.0
4308,700280.0,600000.0
6748,1105140.0,1300000.0
5816,406925.33333333326,335000.0
4012,482940.0,400000.0
12646,2778480.0,3778000.0
4841,1573980.0,1500000.0
12504,911960.0,780000.0
1392,402920.0,320000.0
9754,1256200.0,1208000.0
2513,1245080.0,1055000.0
598,1700440.0,1450000.0
3350,447000.0,480000.0
9418,2368040.0,2444000.0
2327,596740.0,570000.0
7574,1096660.0,1470000.0
4066,1407660.0,1530000.0
13221,664840.0,770000.0
5333,1270880.0,1420000.0
2177,1643020.0,1391000.0
11462,1805040.0,1800000.0
11747,636380.0,611000.0
6812,877280.0,1005000.0
11229,1323112.0,1410000.0
2862,1628160.0,2000000.0
952,1164720.0,1120000.0
2641,743660.0,845000.0
1726,552560.0,625000.0
12136,571150.0,672000.0
12661,1503420.0,1960000.0
10226,685000.0,447000.0
8818,596780.0,625000.0
10141,1392148.0,1258000.0
7056,530470.0,690000.0
9528,510020.0,580000.0
13257,553300.0,763000.0
312,1157800.0,1000000.0
10579,983215.52,900000.0
2193,1412840.0,1810000.0
12118,532120.0,541000.0
13311,663480.0,600000.0
1231,1810280.0,1450000.0
1856,320360.0,290000.0
8410,926000.0,950000.0
4894,1006840.0,840000.0
321,1661080.0,1640000.0
44,493600.0,500000.0
7927,1777020.0,837000.0
5423,1381520.0,1495000.0
4832,1267200.0,1055000.0
8949,687360.0,565000.0
7092,809660.24,610000.0
3600,2502560.0,1950000.0
5155,762440.0,668000.0
874,1130280.0,1300000.0
6882,926820.0,810000.0
5786,990440.0,875000.0
8100,1521000.0,1515000.0
9034,1358880.0,1315000.0
10207,1209380.0,1090000.0
6807,767620.0,771000.0
5928,703340.0,710000.0
2560,1939800.0,930000.0
4677,813240.0,670000.0
3020,1145920.0,1003500.0
10149,1953960.0,2300000.0
9408,1786220.0,1680000.0
2267,1091820.0,1050000.0
10553,607720.0,597000.0
12113,995248.72,1260000.0
13307,1777960.0,1910000.0
11247,475760.0,455000.0
608,2578800.0,1572000.0
13441,807300.0,842000.0
8173,1036600.0,1050000.0
3380,454000.0,475000.0
313,1273508.0,1435000.0
9382,1091640.0,1494000.0
6085,658160.0,590000.0
8261,599300.0,715000.0
1270,1166480.0,1055000.0
13000,1331740.0,2585000.0
12698,1029620.0,841000.0
13077,928060.0,1100500.0
3675,2668760.0,3280000.0
3639,2794920.0,2265000.0
2119,911080.0,860000.0
8585,450112.0,490000.0
12606,1495680.0,1210000.0
12511,1418573.12,1790000.0
5460,574040.0,430000.0
11213,683160.0,650000.0
9761,623520.0,830000.0
3039,2390640.0,1805000.0
12285,897960.0,1171000.0
5198,779640.0,692500.0
10137,723640.0,667000.0
8961,802440.0,780000.0
1756,656850.0,656000.0
11333,899480.0,802000.0
6189,721400.0,778500.0
12734,1657640.0,1750000.0
9519,998599.96,861000.0
499,487840.0,474000.0
7786,1382975.52,1480000.0
2930,974593.32,1217500.0
2917,822220.0,765500.0
4236,923212.0,923000.0
8000,1274240.0,720000.0
640,1817760.0,1480000.0
11822,748160.0,740000.0
4340,380300.0,340000.0
12247,998760.0,1023000.0
7352,624040.0,570000.0
7695,2635400.0,3450000.0
11428,583400.0,387000.0
8870,1404296.0,1050000.0
2515,1203800.0,1500000.0
9490,436736.0,365000.0
12097,487480.0,540000.0
5716,529540.0,687000.0
12440,2174280.0,1950000.0
9068,1522760.0,1320000.0
1261,301560.0,272500.0
6414,960760.0,920250.0
11900,685900.0,615000.0
976,1586960.0,1760000.0
7390,974300.0,855000.0
11172,1717240.0,1540000.0
12634,997580.0,1248500.0
12453,765680.0,753000.0
13086,1010972.0,1025000.0
13478,619500.0,625000.0
11261,1104520.0,920000.0
308,1285120.0,1440000.0
9465,1174940.0,918000.0
6805,484120.0,400000.0
11529,1094340.0,1214000.0
4258,991580.0,993000.0
4694,875640.0,650000.0
5629,728520.0,1030000.0
9597,778984.0,550000.0
7796,1452840.0,1545000.0
2818,1658000.0,1710000.0
4929,1008260.0,1000000.0
3131,1509100.0,1420000.0
3980,500240.0,450000.0
5583,1080400.0,965000.0
11937,562640.0,518000.0
8278,938600.0,801000.0
2643,1193720.0,1100000.0
8224,868740.0,1017500.0
13150,673540.0,735000.0
8231,1129640.0,801000.0
3285,857690.0,740000.0
11606,407470.0,450000.0
12483,1407252.0,1510000.0
3318,669280.0,710000.0
10340,1335780.0,1600000.0
1087,1169060.0,1300000.0
4937,1033440.0,1065000.0
7973,956524.0,1271000.0
4030,1915020.0,2588000.0
2849,1390800.0,1550000.0
9462,689380.0,680000.0
5732,700704.0,430000.0
6230,1144840.0,1053000.0
9598,1036160.0,1120000.0
930,1301960.0,1370000.0
7171,795600.0,758000.0
4578,459320.0,395000.0
992,1477620.0,1506000.0
3645,1332280.0,1330000.0
5183,505620.0,490000.0
5988,592820.0,794000.0
7536,1206280.0,1205000.0
1094,3677640.0,4700000.0
6038,574754.0,580000.0
6912,794676.84,570500.0
11056,1597400.0,1910000.0
2774,2085680.0,2250000.0
10021,735240.0,877500.0
7356,1242641.2,1000000.0
11821,628940.0,830000.0
4519,517420.0,522000.0
424,1620035.52,1500000.0
10287,689740.0,635000.0
12477,754460.0,745000.0
5685,1281360.0,1125000.0
4701,947340.0,1240000.0
1018,1004148.0,850000.0
9386,1057120.0,950000.0
12345,1740640.0,1430000.0
1499,1101640.0,1475000.0
1180,2074540.0,2000000.0
10361,720400.0,752500.0
1236,1244840.0,1537000.0
174,776652.0,880000.0
5407,1689560.0,1555000.0
7014,547520.0,655250.0
4413,429520.0,435000.0
6116,1114620.0,930000.0
3299,520140.0,360000.0
397,1568520.0,1440000.0
13094,854500.0,980000.0
10855,652840.0,453350.0
6353,512680.0,450000.0
5750,1086660.0,1080000.0
2749,3050340.0,3110000.0
3076,376540.0,500000.0
8737,1820520.0,2000000.0
221,604660.0,599000.0
9476,612020.0,500000.0
2528,1057980.0,1520000.0
3279,746810.0,735000.0
643,2247000.0,2170000.0
8051,618940.0,640000.0
12763,1831400.0,1650000.0
2975,807940.04,585000.0
8808,1211200.0,1350000.0
4477,654900.0,770000.0
5207,769120.0,866000.0
5023,1114400.0,930000.0
133,1084400.0,865000.0
1274,867500.0,627000.0
13008,1044120.0,1250000.0
278,2777520.0,2810000.0
4202,806880.0,800000.0
12939,1057240.0,1070000.0
541,1644800.0,1400000.0
7297,800280.0,560000.0
2364,1209440.0,1240000.0
5909,1462800.0,1715000.0
1494,973640.0,980000.0
9394,1682400.0,1650000.0
11812,862160.0,910000.0
13275,810628.0,855000.0
3010,671173.08,640000.0
13514,1247820.0,1510000.0
11082,1051820.0,950000.0
6456,873940.0,922000.0
2395,922120.0,732500.0
10095,1800480.0,2905000.0
12197,611780.0,645000.0
2470,1352420.0,1270000.0
9177,926080.0,690000.0
4127,579040.0,650000.0
1543,774040.0,640000.0
12546,1085300.0,1100000.0
9900,942560.0,880000.0
7838,646773.4,725000.0
13498,1079080.0,1072000.0
5569,1481512.0,1720000.0
8572,1589500.0,1450000.0
4809,429572.0,492000.0
1424,559120.0,500000.0
9185,1770760.0,1875000.0
6168,1419760.0,1650000.0
3833,875640.0,790000.0
8936,565620.0,340000.0
2200,510480.0,525000.0
4447,1414840.0,1676000.0
663,1973260.0,1900000.0
4643,677080.0,680000.0
12091,1558720.0,1635000.0
12784,1024800.0,961000.0
4734,532820.0,577000.0
6542,899320.0,811000.0
9510,2521860.0,1875000.0
7822,1227160.0,960000.0
3345,1338260.0,1210000.0
393,1570720.0,1500000.0
12838,432640.0,380000.0
11164,1313520.0,1250000.0
2214,995540.0,906000.0
6458,851400.0,860500.0
11457,718608.0,752000.0
7450,714560.0,916000.0
6631,1000640.0,780000.0
379,4173880.0,2950000.0
13189,1197075.52,1214000.0
1217,1882024.0,1710000.0
4507,1428820.0,1510000.0
6109,1868820.0,2440000.0
7477,505980.0,822000.0
9666,452480.0,503000.0
2064,846300.0,637000.0
3374,486040.0,504000.0
7674,1148480.0,855000.0
9104,702880.0,690000.0
5165,765540.0,703000.0
37,1077220.0,1030000.0
13452,624900.0,567000.0
2402,543680.0,800000.0
7321,865520.0,640000.0
2729,839280.0,760000.0
9484,942040.0,861000.0
11728,935820.0,681000.0
11123,984061.36,881100.0
10296,1567622.08,1331000.0
467,1553400.0,1100000.0
9763,1172840.0,1035000.0
4382,624740.0,598000.0
8711,629650.0,488000.0
1915,1510200.0,1221000.0
3294,754150.0,800000.0
3931,1094180.0,1072000.0
6749,443740.0,373000.0
3008,584400.0,515000.0
2702,526080.0,571000.0
6092,687520.0,657000.0
12519,807460.0,750000.0
10052,822680.0,770000.0
7750,991900.0,790000.0
7435,2031080.0,1700000.0
2351,888260.0,840000.0
12300,1094840.0,1090000.0
12591,739160.0,870000.0
5602,1641320.0,1460000.0
1751,841920.0,602500.0
5488,1090720.0,1075000.0
8553,1241220.0,1165000.0
4769,1859680.0,1305000.0
8280,838740.0,690000.0
4384,1116620.0,1065000.0
4711,805880.0,575000.0
10132,1903040.0,1350000.0
7753,924140.0,940500.0
4730,2077320.0,1820000.0
10133,847560.0,890000.0
1683,1657660.0,2210000.0
11319,1152740.0,962000.0
2663,538860.0,605000.0
5243,433240.0,431000.0
2152,1183632.0,753000.0
4388,1229500.0,1200000.0
7430,2065100.0,1908000.0
489,2303840.0,1819000.0
11977,2564240.0,3300000.0
519,1209400.0,1140000.0
10536,640840.0,705000.0
9676,1022324.0,1218500.0
2891,806100.0,670000.0
8522,1050840.0,935000.0
10923,2808435.52,4050000.0
6680,1027000.0,760000.0
10342,743120.0,737500.0
11171,1031260.0,1148000.0
3699,2473480.0,1880000.0
1785,581770.0,585000.0
5338,550980.0,680000.0
1861,1449500.0,1507000.0
223,1223620.0,995000.0
3083,1383500.0,1140000.0
10128,920520.0,780000.0
791,370000.0,580000.0
2707,246540.0,210000.0
2176,760460.0,800000.0
1453,681840.0,598000.0
10895,593320.0,700000.0
1753,1200920.0,1420000.0
406,1819160.0,1320000.0
2082,1176320.0,1430000.0
823,561360.0,495000.0
2984,876180.0,918000.0
2466,1428600.0,1290000.0
4069,526420.0,420000.0
11040,2693120.0,2215000.0
10983,715820.0,766000.0
2185,1341600.0,990000.0
4860,1566800.0,1050000.0
8357,1631760.0,1100000.0
5653,711900.0,551000.0
12636,810860.0,770000.0
13492,912540.0,907800.0
7518,847360.0,767000.0
3803,2227980.0,1617000.0
1921,1156640.0,1202000.0
12513,1788775.52,1320000.0
6873,844680.0,800000.0
5997,552840.0,410000.0
9429,1301320.0,1617000.0
10420,715880.0,670000.0
11220,557520.0,560000.0
13297,1151360.0,1000000.0
366,587480.0,545000.0
1761,494560.0,380000.0
6617,870780.0,731000.0
10936,1015280.0,1200000.0
11903,1885280.0,1831000.0
1238,1382620.0,994000.0
7712,1544040.0,1667000.0
1640,703840.0,830000.0
5101,568290.0,555000.0
12226,2079080.0,1950000.0
9780,1247240.0,1375000.0
11404,734430.0,920000.0
13022,1490700.0,1500000.0
7186,801740.0,810000.0
3505,747120.0,715000.0
8400,2276120.0,2260000.0
10789,1178333.88,2185000.0
8189,704932.0,655000.0
7513,739860.0,641500.0
2280,367500.0,485000.0
2712,837080.0,690500.0
6443,619230.0,582000.0
12792,1140260.0,1285000.0
9036,2014240.0,2520000.0
8469,329220.0,300000.0
5242,442740.0,405000.0
13095,837360.0,970000.0
8503,772440.0,975000.0
1103,1498780.0,1962000.0
12863,1117715.52,1150000.0
2746,2316000.0,1800000.0
7215,682340.0,479500.0
5061,831580.0,851000.0
2118,655600.0,450000.0
7545,671880.0,610000.0
1460,851456.0,851000.0
2804,1373240.0,1220000.0
9540,1810120.0,1600000.0
11376,582840.0,610000.0
12432,469170.0,458000.0
1854,1200940.0,1001000.0
8117,1071960.0,1255000.0
634,1616240.0,980000.0
176,1076040.0,1030000.0
4265,900440.0,827500.0
8653,975800.0,1035000.0
2799,541680.0,480000.0
10544,532640.0,555000.0
2946,569280.0,600000.0
10005,872084.0,1400000.0
5175,737600.0,730000.0
7808,1598440.0,1652000.0
5235,954300.0,1025000.0
3037,2429280.0,2000000.0
3161,381580.0,480000.0
9551,651900.0,675000.0
4954,953200.0,930000.0
4752,1053220.0,900000.0
12394,892480.0,1120000.0
7028,1386820.0,975000.0
1919,898660.0,675000.0
5933,844720.0,1350500.0
10046,1502760.0,1700000.0
11828,514100.0,530000.0
2831,816700.0,690000.0
4558,873860.0,921000.0
9862,1006373.88,955000.0
3373,530880.0,705000.0
10841,560240.0,496000.0
4139,778960.0,831000.0
11995,517160.0,500000.0
2646,972220.0,850000.0
7086,661820.0,472500.0
11253,1215840.0,1100000.0
6126,797240.0,770000.0
8713,986640.0,1013000.0
5438,1560220.0,1212500.0
5316,581000.0,450000.0
7439,2026400.0,2810000.0
8383,723660.0,595000.0
11571,571184.0,510000.0
10992,985733.88,915000.0
12745,1677120.0,1450000.0
5905,909226.6666666665,995000.0
11001,891622.04,900000.0
13027,531972.0,547000.0
2128,1503664.0,1535000.0
1191,1703560.0,1580000.0
4266,763040.0,793000.0
12604,722640.0,770000.0
1425,911600.0,1005000.0
8719,652260.0,640000.0
5875,478900.0,430000.0
10080,1253800.0,1400000.0
486,740780.0,642000.0
554,1916760.0,1910000.0
11412,753320.0,740000.0
10321,1551300.0,1702000.0
1418,380260.0,380000.0
3850,1846052.56,2123000.0
2457,1364528.0,850000.0
8842,940920.0,750000.0
3032,1092340.0,890000.0
12466,872600.0,850000.0
11832,1012040.0,800000.0
13145,1022560.0,1160000.0
11419,706680.0,702000.0
12245,1191480.0,1200000.0
9399,562784.0,820000.0
10459,879440.0,802000.0
3733,838500.0,520000.0
11256,900535.52,900000.0
7177,1133640.0,1250000.0
768,1740960.0,1900000.0
725,1125280.0,1100000.0
3658,604820.0,610000.0
5125,1063107.52,1700000.0
6889,809900.0,687000.0
6381,1769360.0,2050000.0
2031,674440.0,570000.0
11642,723720.0,880000.0
4168,1365660.0,1426000.0
6522,1162800.0,1126000.0
3382,569280.0,465000.0
12309,778400.0,670000.0
1586,2983520.0,2000000.0
7977,648494.0,575000.0
13430,1294760.0,980000.0
1829,1375075.04,1460000.0
6161,2159840.0,1750000.0
3629,3190840.0,2350000.0
2730,764580.0,735000.0
11849,1193940.0,855000.0
12877,1024000.0,950000.0
3061,997700.0,875500.0
6020,682832.0,630000.0
4247,1005200.0,1040000.0
12537,907640.0,1031100.0
3151,2011160.0,2920000.0
10713,589635.52,575500.0
7792,1136860.0,1090000.0
6044,806404.0,665000.0
5306,407360.0,342000.0
9779,909360.0,1200000.0
8098,560480.0,560000.0
11674,1453080.0,891000.0
12710,912259.96,1085000.0
10714,606340.0,775000.0
10094,1370280.0,1402500.0
11746,1364880.0,1267000.0
7238,964700.0,967000.0
7887,680220.0,710000.0
5782,951480.0,685000.0
8588,1940840.0,2710000.0
8663,741060.0,815000.0
8380,805940.0,792500.0
6620,841360.0,720000.0
1523,1444480.0,1782800.0
9891,3020840.0,2450000.0
12146,549660.0,558500.0
8728,750000.0,825000.0
4554,1143720.0,1080000.0
12529,920460.0,805000.0
1687,1469460.0,1955000.0
12366,1204800.0,1300000.0
13522,1371540.0,1515000.0
8258,1601880.0,2000000.0
9116,881280.0,877500.0
13507,1244560.0,1305000.0
10061,1665580.0,1050000.0
4948,1089320.0,920000.0
6606,1602420.0,1910000.0
3021,704200.0,802000.0
7100,1023740.0,1035000.0
5466,2018400.0,1610000.0
7542,762140.0,990000.0
11053,344320.0,370000.0
888,869980.0,823000.0
1002,529440.0,400000.0
9807,2199920.0,3275000.0
8103,2076880.0,2300000.0
343,1296440.0,1130000.0
10134,1628588.64,1655000.0
11200,384820.0,380000.0
2778,1504480.0,1510000.0
2454,651660.0,645000.0
11112,2420760.0,2500000.0
13551,706060.0,682000.0
4252,1300300.0,1176000.0
2724,429447.52,360000.0
8265,972420.0,800000.0
5286,1302500.4,1506000.0
12361,1104720.0,1105000.0
10106,1251220.0,1530000.0
8136,1121876.0,1700000.0
5319,1439800.0,1074000.0
9626,775080.0,660000.0
6529,1653520.0,1172000.0
8491,922880.0,650000.0
12799,1090960.0,1100000.0
1783,1295640.0,896000.0
10363,666140.0,715000.0
12411,1193420.0,1375000.0
654,1931360.0,1800000.0
579,715820.0,730000.0
13014,2155000.0,1775000.0
5220,933680.0,885000.0
4145,1693260.0,1400000.0
2260,1728180.0,2116000.0
11426,568800.0,520000.0
11567,573920.0,620000.0
619,2413200.0,2575000.0
1399,301640.0,265000.0
11986,1396520.0,1820000.0
7476,1230160.0,1126000.0
11360,582440.0,650000.0
8415,739100.0,841000.0
7737,1681880.0,1652500.0
4152,1267800.0,930000.0
4555,967992.0,1000000.0
3426,541620.0,582000.0
13043,819300.0,876000.0
11377,803720.0,690000.0
10987,680480.0,665000.0
5654,849120.0,740000.0
10868,766520.0,675000.0
9943,518720.0,560000.0
3019,2222800.0,2200000.0
10507,2673000.0,4100000.0
11604,1360840.0,1500000.0
2060,817220.0,745000.0
9128,560880.0,545000.0
8083,736740.0,895000.0
13134,722040.0,745000.0
9304,1219120.0,1301000.0
6544,847280.0,920000.0
6378,1500200.0,1100000.0
8214,731040.0,585000.0
7312,638100.0,695000.0
2509,1988400.0,2000000.0
10257,721720.0,545000.0
11145,1639840.0,2775000.0
7921,524680.0,630000.0
3932,459000.0,479000.0
3880,362620.0,300000.0
7266,965560.0,326500.0
9991,1240820.0,1350000.0
1844,2042120.0,1960000.0
6079,526680.0,593000.0
13228,411600.0,430000.0
10309,666740.0,770000.0
1136,1218480.0,1230000.0
8206,729700.0,755000.0
12324,743640.0,815000.0
2049,790400.0,765000.0
2017,934100.0,835000.0
12292,2015320.0,2100000.0
4343,949460.0,1105000.0
5493,689288.0,720000.0
5609,497160.0,480000.0
11068,781360.0,680000.0
126,961920.0,805000.0
11579,1116000.0,970000.0
8460,1251340.0,1100000.0
214,927940.0,970000.0
4610,582880.0,585000.0
1554,815260.0,702000.0
9365,2012120.0,1280000.0
6368,488104.0,515501.0
4075,1494740.0,1395000.0
12827,466260.0,465000.0
11144,1417920.0,1955000.0
10489,387760.0,314000.0
7829,645640.0,741000.0
4678,976320.0,855000.0
12700,923060.0,931000.0
5193,788600.0,830000.0
2973,715600.0,810000.0
4221,859240.0,930000.0
4004,1676880.0,1630000.0
11882,1000200.0,1510000.0
12399,1033200.0,1080000.0
9486,1278080.0,1361000.0
11510,635360.0,550000.0
1427,431240.0,656000.0
11050,745660.0,630000.0
1060,2257520.0,1761000.0
1267,872840.0,845500.0
13222,693540.0,766000.0
6902,654300.0,625000.0
722,1386880.0,1275000.0
11211,719252.0,700000.0
3598,1571300.0,1326000.0
4368,970580.0,1300000.0
9944,558880.0,511500.0
4209,1252620.0,1210000.0
13313,1725460.0,1561000.0
12954,1342920.0,1200000.0
4755,1712600.0,1670000.0
7690,622500.0,913000.0
5567,1498560.0,1185000.0
6968,837240.0,887000.0
8767,1452240.0,1760000.0
4719,1645880.0,1342000.0
3955,1208080.0,1215000.0
10510,385260.0,400000.0
12107,1548440.0,1610000.0
1172,1801160.0,1495000.0
8780,535708.0,515500.0
5031,1095500.0,731000.0
3558,1571640.0,1365000.0
4166,1047160.0,987000.0
11774,893520.0,980000.0
12386,942240.0,750000.0
10657,352580.0,350000.0
8221,615200.0,560000.0
11991,747740.32,1015000.0
1250,2181040.0,2310000.0
5172,582370.0,475000.0
12612,446870.0,388000.0
7628,1126280.0,690000.0
5004,879668.0,923000.0
3671,1563300.0,1440000.0
6711,946640.0,670000.0
12449,1392480.0,1390000.0
2450,1065600.0,1150000.0
1363,1151560.0,1170000.0
164,726220.0,635000.0
121,1152460.0,1110000.0
5018,1350640.0,1615000.0
7115,1201760.0,1336000.0
11806,554292.0,530000.0
8011,1833800.0,2100000.0
11398,552864.0,557000.0
12509,3002120.0,3200000.0
7366,955680.0,930000.0
1667,3096080.0,1742000.0
9880,1318700.0,1680000.0
7054,1057760.0,1076000.0
13163,1452279.52,1890000.0
1595,694160.0,900000.0
12807,986233.32,955000.0
10222,1248280.0,835000.0
9186,2288400.0,2320000.0
1035,914260.0,505000.0
7105,729164.0,750000.0
5521,1207080.0,1270000.0
9580,2632320.0,2855000.0
296,1129440.0,970000.0
10364,1604560.0,1300000.0
6651,400575.52,410000.0
3120,686000.0,610000.0
4091,1045140.0,1015000.0
12521,1635980.0,1670000.0
6954,1347020.0,1220000.0
2535,1044480.0,1315000.0
2861,1865060.0,1931000.0
1817,1302100.0,1400000.0
9879,1273400.0,1275000.0
6488,638400.0,890000.0
6278,1164480.0,1265000.0
6785,1513240.0,1574000.0
1082,2372000.0,3180000.0
11235,1602720.0,1400000.0
10949,590880.0,560000.0
6672,1174260.0,1055000.0
6804,584200.0,480000.0
6589,1065600.0,830000.0
7052,800854.0,850000.0
4055,1677760.0,1730000.0
6953,524760.0,420000.0
4330,673760.0,746000.0
6855,2351780.0,3520000.0
11022,479360.0,545000.0
10820,3275240.0,1855500.0
7112,455447.76,270000.0
1978,1224680.0,1260000.0
4109,1232400.0,980000.0
5989,785040.0,890000.0
7107,803116.0,685000.0
103,3305680.0,2800000.0
2476,427280.0,396000.0
8954,476720.0,365000.0
1961,1167700.0,865000.0
974,977020.0,1715000.0
4211,309600.0,335000.0
2627,802020.0,918000.0
13225,1007100.0,752500.0
10354,1477280.0,1640000.0
1651,704080.0,722000.0
11007,549888.0,561000.0
8965,468780.0,451500.0
12866,1127640.0,1070000.0
11423,493880.0,520000.0
8317,1046040.0,1025000.0
13044,788295.52,866000.0
5573,1882240.0,2525000.0
10960,1033240.0,1070000.0
9743,609940.0,558000.0
3488,694380.0,600000.0
11640,927740.0,1005000.0
119,1059380.0,985000.0
4311,876870.0,840000.0
11019,759440.0,904000.0
6976,2569880.0,2800000.0
12335,1140632.0,1080000.0
12893,1706218.84,1920000.0
7960,2477600.0,3600000.0
13569,1091560.0,1323000.0
5739,603010.0,660000.0
13182,539520.0,634000.0
399,1619840.0,1422000.0
2105,851080.0,683000.0
5178,659800.0,480000.0
10586,793224.0,775000.0
5187,897720.0,670500.0
9092,774920.0,665000.0
12919,616380.0,1335000.0
253,2173580.0,2250000.0
556,2690440.0,3000000.0
11737,430760.0,326000.0
13105,736480.0,724000.0
6263,327820.0,260000.0
138,2008040.0,1900000.0
5455,1019340.0,821000.0
3254,513280.0,605000.0
6171,1191460.0,1185000.0
3284,504900.0,532000.0
7699,427340.0,595000.0
12751,619380.0,628000.0
10680,715040.0,700000.0
6016,725860.0,626800.0
12727,853080.88,760000.0
6157,731968.0,770500.0
5820,1332320.0,1220000.0
10109,975580.0,1082000.0
5582,1063580.0,1230000.0
5082,702880.0,650000.0
12140,381540.0,330000.0
9688,2157160.0,1805000.0
11715,539120.0,528000.0
3071,1451320.0,1450000.0
1379,1524660.0,947000.0
4672,641920.0,616000.0
2134,1153352.0,1050000.0
4018,1964340.0,2005000.0
1894,388560.0,325000.0
11565,977360.0,1360000.0
1992,676800.0,599000.0
45,686200.0,720000.0
7344,1060200.0,1124000.0
1292,619500.0,895000.0
9192,590960.0,485000.0
7222,892840.0,1074000.0
11080,836220.0,790000.0
12441,1938880.0,2000000.0
8111,1164440.0,1410000.0
2625,1151000.0,1110000.0
12396,526000.0,515000.0
12928,2538200.0,2550000.0
13176,986620.0,1300000.0
3667,2164640.0,1500000.0
2892,646273.4,572000.0
9257,715210.0,602000.0
7679,3067000.0,3550000.0
12049,979840.0,750000.0
13499,992160.0,1290000.0
13491,1012720.0,1185000.0
9314,2069160.0,2221000.0
5366,1014720.0,842000.0
8885,1150360.0,1250000.0
2503,1844360.0,1700000.0
6032,761150.0,725000.0
11263,765260.0,655000.0
7836,398040.0,445000.0
9168,786120.0,817000.0
11748,1551751.04,1750000.0
7609,1160320.0,1450000.0
12706,817760.0,751000.0
10862,560580.0,514000.0
4304,706900.0,657000.0
2976,779103.04,772500.0
3840,1631760.0,1500000.0
7564,2035400.0,1350000.0
12319,667260.0,791000.0
7347,1531420.0,1600000.0
4495,499840.0,570000.0
1541,880100.0,1145000.0
1869,799800.0,650000.0
1201,1457380.0,1301000.0
10300,841040.0,865000.0
154,515990.0,510000.0
7354,2365600.0,1925000.0
4053,1766220.0,1780000.0
13216,2677600.0,2600000.0
258,2050160.0,2365000.0
8594,706980.0,740000.0
8447,1331800.0,1370000.0
4411,565320.0,601000.0
4492,1645000.0,1820000.0
449,1267200.0,1160000.0
9600,772520.0,690000.0
13114,1278180.0,1555000.0
5143,1036280.0,786000.0
776,2098920.0,1900000.0
6166,1919680.0,2125000.0
6045,677904.0,710000.0
12137,647920.0,660000.0
3567,759480.0,868000.0
4772,592660.0,520000.0
10426,674628.0,470000.0
1091,687060.0,575000.0
6622,819420.0,800000.0
2288,2142480.0,1875000.0
9701,847760.0,780000.0
2630,941720.0,855000.0
12246,811340.0,800000.0
12007,866280.0,890000.0
12944,509500.0,480000.0
12256,1843800.0,1609000.0
9970,1261900.0,970000.0
6360,825820.0,1635000.0
3359,1875420.0,981000.0
12516,809640.0,932000.0
713,1437740.0,1500000.0
4129,1488940.0,1505000.0
1334,1285300.0,1815000.0
6030,537712.0,605000.0
10241,658560.0,612500.0
12828,879040.0,920000.0
6292,472220.0,450000.0
3378,1432280.0,1605000.0
7216,1829160.0,2050000.0
9233,3522640.0,5600000.0
10062,724880.0,716000.0
5281,1200480.0,1102000.0
8852,513340.0,535000.0
7490,882944.0,700000.0
8220,491080.0,427500.0
4615,459000.0,386000.0
476,795140.0,850000.0
3277,732290.0,691000.0
13340,837800.0,791000.0
11160,2126600.0,1900000.0
6900,630200.0,540000.0
5969,710860.0,655000.0
11353,528000.0,785000.0
9018,363520.0,290000.0
7770,830520.0,720000.0
2676,617980.0,480000.0
12042,655000.0,618350.0
18,1225620.0,955000.0
3636,1747960.0,1476000.0
12715,575940.0,647000.0
2113,1182960.0,1500000.0
5863,1507340.0,1365000.0
1567,1817000.0,1690000.0
3081,656700.0,450000.0
335,1279000.0,1037500.0
4906,917656.0,775000.0
10856,916760.0,895000.0
3991,762460.0,750000.0
10764,1071360.0,1627000.0
4699,784760.0,599000.0
2227,928560.0,820000.0
2101,1103080.0,1470000.0
879,914000.0,791000.0
3710,1383240.0,1315000.0
1468,1167400.0,980000.0
2943,689740.0,630000.0
7205,1046060.0,1470000.0
13398,1084880.0,975000.0
7953,758840.0,780000.0
1069,1332620.0,1850000.0
7511,846000.0,845000.0
10702,634560.0,575500.0
6619,911760.0,720000.0
8330,1508360.0,1785000.0
12330,2577440.0,1900000.0
3814,1041560.0,1000000.0
12558,1861000.0,1500000.0
2087,451800.0,440000.0
230,598260.0,660000.0
13465,1746640.0,1800000.0
332,746680.0,705000.0
11942,1155404.0,835500.0
2985,734720.0,750000.0
13171,1621600.0,1710000.0
10277,1089160.0,1100000.0
6747,1262788.0,1325000.0
9703,1073720.0,1255000.0
7081,509020.0,537000.0
1391,396680.0,521500.0
11427,761560.0,515000.0
8499,922840.0,888000.0
1312,1048000.0,825000.0
12658,1425000.0,1725000.0
4556,1089460.0,1235000.0
3998,482220.0,700000.0
9552,704220.0,660000.0
13294,609240.0,549500.0
4277,1464880.0,820000.0
7135,1380280.0,1420000.0
5585,2716240.0,1510000.0
4159,988600.0,950000.0
11118,942840.0,900000.0
10108,1428408.0,1370000.0
6578,397340.0,452000.0
13526,544220.0,640000.0
13120,545040.0,575500.0
597,1853960.0,1750000.0
671,1751920.0,1520000.0
503,1376280.0,1080000.0
6944,754600.0,655000.0
5266,2063360.0,3335000.0
13041,1047660.0,961000.0
10922,1178080.0,1296000.0
4235,1332568.0,1620000.0
9700,821368.0,850000.0
4014,1354600.0,1020000.0
7074,2011280.0,1797000.0
4779,1039100.0,1010000.0
2948,505760.0,501000.0
4890,615540.0,715000.0
9819,921120.0,769000.0
134,518480.0,390000.0
1597,514040.4,530000.0
4732,734440.0,600000.0
509,1056060.0,1070000.0
7798,515880.0,440000.0
10268,708640.0,805000.0
6658,437952.0,330000.0
2400,961040.0,1001000.0
9469,882732.0,795000.0
1457,943140.0,816000.0
9623,916680.0,1051000.0
5141,677480.0,680000.0
6466,664080.0,645000.0
257,536200.0,490000.0
651,1386960.0,1350000.0
10684,467500.0,675000.0
7055,1140560.0,1362000.0
13546,464540.0,480000.0
845,1106640.0,1270000.0
12024,607980.0,900000.0
3213,3506920.0,1976000.0
6078,525840.0,650000.0
11644,857572.0,895000.0
10201,952560.0,911982.0
12936,814880.0,790000.0
94,1723180.0,1300000.0
5657,432640.0,450000.0
832,1281480.0,1415000.0
12233,1161860.0,1160000.0
4589,456820.0,526000.0
8384,439693.33333333326,346000.0
8766,660980.0,620000.0
11611,1854360.0,1790000.0
11635,538000.0,500000.0
5433,652680.0,560000.0
6690,940460.0,781500.0
12903,2197960.0,2600000.0
3884,519120.0,536000.0
5561,1448864.0,891000.0
12252,939040.0,930000.0
12443,1472400.0,1750000.0
7311,1490080.0,1330000.0
11029,582520.0,360000.0
5775,2359213.3333333335,1891000.0
4706,1009480.0,1340000.0
3755,524320.0,510000.0
5647,443120.0,400000.0
4391,1811400.0,1600000.0
1911,885560.0,640000.0
11386,623900.0,670000.0
4858,1531464.0,1015000.0
11354,1338640.0,1410000.0
4426,1413440.0,2100000.0
4816,1444320.0,1430000.0
2554,1143420.0,677000.0
11265,919920.0,935000.0
7795,1498740.0,1880000.0
8542,873900.0,1256000.0
12179,721440.0,693000.0
13401,473440.0,460000.0
6477,945320.0,995000.0
13440,497120.0,600000.0
8325,415840.0,370000.0
1347,331460.0,440000.0
5168,748780.0,613000.0
760,923680.0,895000.0
3234,1246380.0,1587500.0
11484,432270.0,468000.0
752,999860.0,825000.0
6179,2815280.0,2450000.0
1095,2005000.0,1785000.0
11327,833660.0,583000.0
12826,942400.0,935000.0
9424,724468.0,616000.0
13067,1259760.0,1360000.0
9416,1382080.0,1557000.0
1658,2989000.0,3400000.0
11847,783540.0,822000.0
6311,1026360.0,1143000.0
10637,753960.0,614000.0
5557,608740.0,561000.0
507,2099760.0,1800000.0
6358,1197040.0,1450000.0
7027,2462840.0,2200000.0
7436,467340.0,1100000.0
12718,892960.0,1170000.0
31,1344940.0,1290000.0
8610,1274960.0,1291000.0
12642,375820.0,470000.0
13494,898920.0,720000.0
6075,662080.0,544500.0
10686,890260.0,866000.0
3719,369180.0,275000.0
3379,590740.0,587000.0
3784,1383640.0,1611000.0
2553,2561084.0,4011000.0
1775,1652680.0,1410000.0
4853,1794800.0,1450000.0
6893,588600.0,585000.0
2760,452820.4,550000.0
2954,700760.0,631000.0
7090,994121.48,1000000.0
6520,1054240.0,906000.0
5378,645040.0,646000.0
3481,865180.04,695000.0
8865,1021000.0,880000.0
12110,895740.0,813000.0
6762,1342180.0,1310000.0
7035,559080.0,420000.0
2213,1795900.0,1625000.0
6288,1211440.0,920000.0
2551,878220.0,710000.0
3635,2445440.0,2513000.0
7787,1405400.0,1300000.0
7898,785540.0,420000.0
11087,1575120.0,1225000.0
1297,1100080.0,1060000.0
10192,594920.0,570000.0
8297,600320.0,815000.0
11190,947360.0,870000.0
6582,734360.0,650000.0
13367,2473320.0,2830000.0
3203,716120.0,743000.0
2090,455460.0,372000.0
4197,1162820.0,1105000.0
10068,511960.0,460000.0
5753,1050340.0,850000.0
4214,944920.0,995000.0
6726,315440.0,380000.0
7995,803220.0,725000.0
2337,1863240.0,1830000.0
5738,1634000.0,700000.0
334,544580.0,540000.0
5636,684900.0,805000.0
3894,484760.0,425000.0
6547,1326880.0,1300000.0
3411,2245400.0,2090000.0
7353,967016.0,755000.0
6856,781280.0,740000.0
11775,495560.0,495000.0
10008,809640.0,740000.0
8288,576850.0,615000.0
3839,1794700.0,1505000.0
304,800840.0,770000.0
8899,578000.0,550000.0
402,1203080.0,1710000.0
8358,1692320.0,1820000.0
396,1675995.04,1415000.0
2767,1303680.0,967500.0
1480,1302760.0,1400000.0
7313,471240.4,812000.0
4376,823480.0,800000.0
2030,912560.0,981000.0
3043,2411100.0,1875000.0
5925,846100.0,800000.0
5866,2067960.0,1678000.0
10902,683000.0,720000.0
10042,901500.0,833800.0
8528,1730720.0,2035000.0
9992,1198840.0,1075000.0
11243,692000.0,900000.0
10667,645740.0,790000.0
12503,660800.0,690000.0
3197,1523980.0,1855000.0
812,1200760.0,1050000.0
9046,1166460.0,1400000.0
9165,889480.0,1100000.0
7131,1389380.0,1370000.0
11534,515040.0,604000.0
7569,1452080.0,1990000.0
12077,516440.0,427500.0
3099,1231280.0,1255000.0
7180,599820.0,435000.0
6366,3174360.0,2840000.0
9333,605890.0,586500.0
3064,1980780.0,2600000.0
10333,616420.0,680000.0
8756,709040.0,682000.0
4255,1319400.0,1185000.0
10196,1197120.0,510000.0
3009,712040.0,716000.0
3510,1129080.0,1470000.0
7968,549380.0,555000.0
11816,564780.0,615000.0
11928,653064.0,682000.0
9579,2395600.0,2225000.0
11710,664740.0,650000.0
3188,4393240.0,5050000.0
11024,1368540.0,1705000.0
13037,881680.0,980000.0
2456,1442288.0,1630000.0
2517,1245440.0,1510000.0
828,1130000.0,1206000.0
7739,1468520.0,1660000.0
2763,2067680.0,2115000.0
11739,394800.0,412250.0
9035,639020.0,767000.0
8139,896020.0,828000.0
5480,672800.0,710000.0
1670,1705860.0,1330000.0
9028,1435640.0,1200000.0
3974,975360.0,820000.0
7265,1548960.0,1575000.0
13437,802300.0,655000.0
7062,731980.0,1125000.0
11476,713600.0,690000.0
167,672700.0,730000.0
9959,846040.0,890000.0
10928,1723599.52,1680000.0
12883,1451160.0,1300000.0
4842,1456800.0,1460000.0
274,1106880.0,1101000.0
9315,634880.0,515000.0
9612,712040.0,638000.0
11163,2325000.0,2635000.0
125,585680.0,525500.0
11848,1007840.0,988000.0
12848,466620.0,482000.0
13308,2100760.0,2350000.0
4026,1985040.0,1910000.0
10520,624480.0,535000.0
10711,880480.0,880000.0
4445,924920.0,844000.0
7076,415760.0,405000.0
12544,2245160.0,1980000.0
3857,1520320.0,1600000.0
5862,810720.0,750000.0
10164,1047580.0,1300000.0
8843,671160.0,650000.0
12389,819200.0,906000.0
6694,1053880.0,925000.0
4561,901193.88,800000.0
9200,1621400.0,2525000.0
10377,405620.0,383000.0
4269,921000.0,910000.0
624,1522840.0,1400000.0
7539,993380.0,910000.0
3725,884400.0,880000.0
8037,2692280.0,2150000.0
3079,2477120.0,3325000.0
8724,881320.0,900000.0
9183,2047860.0,1790000.0
5473,934450.0,945000.0
13010,650320.0,620000.0
7976,577980.0,665000.0
2141,2137120.0,2168000.0
12092,1429880.0,1406000.0
641,2403400.0,3000000.0
1346,973940.0,860000.0
2587,1153240.0,1290000.0
9659,920288.0,1000000.0
4188,1101280.0,1191000.0
10078,1272140.0,1425000.0
12274,698388.0,510000.0
13545,476220.0,516000.0
6086,490104.0,280000.0
13049,767640.0,597000.0
3028,746900.0,760000.0
3774,1872880.0,2050000.0
6261,858120.0,910000.0
1357,582400.0,575000.0
12208,1103680.0,1285000.0
6354,392012.0,349000.0
10741,409020.0,373500.0
8123,1070280.0,1230000.0
11869,1016040.0,900000.0
10818,543920.0,600000.0
2007,1151640.0,1150000.0
6933,715102.96,540000.0
9811,1489440.0,1275000.0
8672,608570.0,580000.0
7683,1640800.0,1905000.0
11501,803960.0,725000.0
7473,960560.0,1005000.0
6876,963188.0,652500.0
275,2407480.0,3512500.0
12955,1319600.0,1410000.0
865,1257960.0,1185000.0
10032,1277880.0,1530000.0
7985,865840.0,630000.0
8539,968720.0,750000.0
3782,569600.0,635000.0
8483,631580.0,715000.0
10411,769640.0,960000.0
3078,727960.0,800000.0
10645,1407092.0,1430000.0
1789,498320.0,605000.0
12858,736420.0,640000.0
11269,872160.0,825000.0
565,799052.0,650000.0
7398,432420.0,503000.0
16,1339020.0,1200000.0
578,2304760.0,1912000.0
2359,1066680.0,1130000.0
2908,710513.4,612500.0
12776,850060.0,792000.0
11767,558100.0,580000.0
10015,651640.0,691000.0
2573,1389020.0,1655000.0
1001,874740.0,836000.0
2180,962280.0,1102200.0
1819,803120.0,722000.0
11768,536360.0,706000.0
9587,658280.0,590000.0
9070,1684800.0,845000.0
1638,1815760.0,1550000.0
6533,1144960.0,1310000.0
2182,1620400.0,1782000.0
7419,600500.0,685000.0
5274,1090640.0,1042500.0
10755,607180.0,602000.0
3514,426420.0,420000.0
1043,3645300.0,3695000.0
5813,607120.0,570000.0
6174,2263000.0,2160000.0
6480,1270400.0,1120000.0
10009,671350.0,816000.0
6349,1477640.0,1100000.0
5840,557100.0,650000.0
4472,1272560.0,1225000.0
1845,1149900.0,825000.0
12038,1201080.0,1260000.0
12696,1114268.0,975000.0
5013,915280.0,870000.0
4448,1286690.0,900000.0
13451,515068.0,565000.0
605,1131580.0,1150000.0
6938,509400.0,470000.0
7274,878420.0,935000.0
272,3135200.0,3625000.0
10219,918986.56,720000.0
11358,480780.0,490000.0
2379,1026200.0,855000.0
2095,426520.0,457000.0
10539,748280.0,740000.0
955,1029160.0,950000.0
9383,2288360.0,2760000.0
9118,660580.0,595000.0
11711,534260.0,576000.0
2092,1106920.0,910000.0
13489,934580.0,1002500.0
8079,448040.0,432000.0
13399,879280.0,950000.0
1358,952720.0,1020000.0
10447,1018000.0,1225000.0
12881,1653080.0,1425000.0
12907,1382900.0,1115000.0
5799,514400.0,542500.0
10914,1245400.0,1250000.0
3353,1895400.0,1601000.0
5827,1583280.0,1295000.0
1943,1276640.0,1064000.0
7881,781320.0,721000.0
3535,612454.4,442000.0
1654,1846140.0,1640000.0
7785,866520.0,855000.0
3388,423340.0,420000.0
13363,842195.52,728000.0
5006,1203660.0,1150000.0
11061,2389680.0,2825000.0
7706,295320.0,305000.0
4097,898520.0,890500.0
5406,1279620.0,1200000.0
1972,978840.0,650000.0
8690,748110.0,760000.0
10731,636560.0,622000.0
1524,1344000.0,1468000.0
5354,1276200.0,1695000.0
11433,724100.0,775500.0
1476,879740.0,1250000.0
7241,914020.0,910000.0
13475,606760.0,671000.0
10739,958760.0,1075000.0
4668,727640.0,533000.0
4565,804520.0,800000.0
13247,955380.0,950000.0
3744,655420.0,695000.0
4439,1834000.0,2155000.0
5815,604360.0,475000.0
5814,504240.0,540000.0
6842,1690680.0,1550000.0
10935,1275460.0,1751000.0
9145,1017080.0,900000.0
8537,714640.0,650000.0
2175,1338480.0,1474000.0
5773,558750.0,500000.0
11704,738010.0,735000.0
4872,426044.0,240000.0
10526,836660.0,905000.0
10710,1475600.0,1510000.0
10521,760660.0,865000.0
4799,461320.0,470000.0
13168,697200.0,646000.0
6878,1007320.0,925000.0
7291,572752.0,600000.0
10262,315280.0,280000.0
159,432840.0,391000.0
4194,978480.0,825000.0
7967,405500.0,375000.0
8416,715560.0,710000.0
6939,663980.0,700500.0
8523,904460.0,990000.0
1826,442200.0,550000.0
4011,639100.0,535000.0
5548,415332.0,380000.0
7331,845840.0,690000.0
8236,1051820.0,1110000.0
7009,569560.0,568000.0
4288,747200.0,780000.0
12859,609100.0,750000.0
2585,1140720.0,1255000.0
4965,815040.0,928000.0
8575,1861360.0,1912500.0
10529,1577200.0,1580000.0
3311,673910.0,722000.0
5687,1629292.0,1400000.0
13518,1592600.0,2475000.0
2084,1117630.0,950000.0
2201,1850960.0,2050000.0
9032,1465411.04,1620000.0
12998,985560.0,1000000.0
6919,681220.0,850000.0
2805,1504640.0,1375000.0
4027,1276700.0,1320000.0
12360,769140.0,650000.0
532,609280.0,526000.0
10202,1169560.0,1040000.0
10138,699420.0,740000.0
7911,911920.0,1050000.0
1870,1078180.0,965000.0
660,2085560.0,2100000.0
5699,542120.0,470000.0
13315,645888.0,700000.0
13535,1201960.0,1426000.0
4386,526922.2,587134.0
6028,735100.0,640000.0
8107,1041000.0,1070000.0
9320,1153700.0,805000.0
2270,1601640.0,1911000.0
3253,736564.0,725000.0
7304,562080.0,460000.0
8905,505000.0,390000.0
4574,2609460.0,1230000.0
8753,650140.0,573000.0
4144,996920.0,822500.0
12680,684136.0,850000.0
4358,437700.0,368000.0
12473,574508.0,595000.0
7975,1063960.0,910000.0
380,1766200.0,2215000.0
7840,332680.0,328000.0
6814,1182642.0,881000.0
1281,877900.0,940000.0
2519,1339200.0,1145000.0
7834,655400.0,670000.0
4323,1167640.0,1020000.0
9899,764740.0,730000.0
5946,649380.0,702000.0
12692,797220.0,810000.0
5148,898000.0,800000.0
5762,1222500.0,690000.0
6875,1071920.0,685000.0
378,1671207.52,1337000.0
7317,627660.0,636500.0
12417,479400.0,510000.0
10174,623520.0,593000.0
9814,1005040.0,1204000.0
4874,1654080.0,1612000.0
12248,697440.0,680000.0
12221,999420.0,985000.0
4293,497160.0,457000.0
9836,877444.0,732000.0
2525,1825484.0,1780000.0
4497,1299400.0,1400000.0
9930,824440.0,875000.0
538,1366340.0,1367000.0
5983,742160.0,700000.0
10647,1386315.52,1310000.0
6640,823660.0,710000.0
3660,940980.0,707500.0
7648,739644.0,860000.0
11796,913680.0,945000.0
9556,1702480.0,1900000.0
9767,856170.0,905000.0
8939,854680.0,572000.0
10732,712640.0,650000.0
10614,299900.0,286000.0
11563,804352.0,1005000.0
3474,985000.0,835000.0
8645,345480.0,380000.0
6146,565160.0,610000.0
8245,681260.0,645000.0
5030,471630.0,415000.0
10593,675660.0,585000.0
9573,692672.0,762000.0
5640,1080580.0,1036500.0
6379,610520.0,490000.0
1669,711840.0,1016000.0
3291,798520.0,808000.0
5270,450640.0,421000.0
9582,2412760.0,2200000.0
3990,383520.0,210000.0
9002,2332080.0,2500000.0
4606,728200.0,767000.0
9375,919740.0,1155000.0
381,1662040.0,1518000.0
7122,821640.0,820000.0
10184,2570440.0,2408000.0
10292,1680980.0,1500000.0
7243,888620.0,820000.0
8799,888600.0,660000.0
8336,1038800.0,1052000.0
11336,1313560.0,1735000.0
7467,707700.0,565000.0
10899,1638720.0,1460000.0
3192,520760.0,470000.0
6655,608453.3333333334,630000.0
3662,1093960.0,732000.0
11486,802340.0,550000.0
9288,945500.0,970000.0
11652,1077400.0,900000.0
12161,728320.0,612000.0
7306,556792.0,430000.0
11654,573680.0,895000.0
7516,906920.0,986000.0
4487,1403040.0,2160000.0
12068,1061520.0,1129000.0
1652,2908220.0,2350000.0
12112,985475.52,1300000.0
8546,1228680.0,1455000.0
9652,1125600.0,900000.0
3480,832800.0,785000.0
12779,726800.0,721000.0
8709,1218800.0,1406000.0
9985,784648.0,850000.0
11330,658680.0,535000.0
4067,1405280.0,1350000.0
10376,1025400.0,1010000.0
834,1177920.0,1060000.0
13482,789860.0,651000.0
8761,641180.0,677000.0
11517,753560.0,960000.0
6638,833680.0,960000.0
10849,606960.0,580000.0
5998,742820.0,720000.0
10392,1959360.0,2300000.0
5721,605360.0,530000.0
5065,486280.0,410000.0
5389,1436800.0,1270000.0
12304,807960.0,695000.0
12730,1141120.0,965000.0
11467,1392860.0,1610000.0
477,719880.0,635000.0
1124,2186140.0,2475000.0
13565,1215020.0,1263500.0
5280,1147840.0,1025000.0
11031,905240.0,850000.0
6084,598260.0,547500.0
8642,1718100.0,1817000.0
5838,512660.0,450000.0
7635,844560.0,825000.0
6848,1586860.0,1162000.0
3683,1428300.0,1420000.0
1818,2400480.0,2830000.0
13305,789280.0,895000.0
1569,552200.0,717000.0
6593,617140.0,623000.0
10332,783340.0,800000.0
6792,1389760.0,1679000.0
1748,734840.0,675000.0
5668,2168960.0,2395000.0
11823,525060.0,620000.0
2839,314440.0,375000.0
7772,788320.0,875000.0
1143,3636880.0,2640000.0
11689,935520.0,1000000.0
11546,688140.0,800000.0
6060,771120.0,645400.0
574,1303080.0,1100000.0
13046,946440.0,920000.0
4637,854522.96,810000.0
13357,1258920.0,1311000.0
8264,848820.0,770000.0
2819,1833600.0,1770000.0
5501,692880.0,755000.0
575,2482600.0,3020000.0
8910,1888540.0,1900000.0
5369,1324800.0,1456000.0
7358,441600.0,425000.0
83,1376800.0,1110000.0
10386,2244840.0,2400000.0
12678,1337400.0,1441000.0
8441,1597180.0,1600000.0
11150,438640.0,370000.0
12122,638000.0,620000.0
982,1016552.0,975000.0
12571,1335960.0,1370000.0
13099,1452215.04,1210000.0
10282,639100.0,566000.0
4402,984160.0,860000.0
4898,939460.0,650000.0
7017,2428720.0,2040000.0
2004,938940.0,845000.0
5320,1246280.0,1205000.0
1083,1326100.0,960000.0
6367,1764640.0,2700000.0
8992,1185740.0,1000000.0
7422,588220.0,575000.0
1969,679180.0,635000.0
1559,726860.0,729000.0
5873,865300.0,580000.0
9499,1136120.0,1100000.0
3889,1399260.0,1297000.0
7325,1033340.0,880000.0
6041,661040.0,650000.0
7457,1542600.0,1705000.0
2157,1335380.0,1485000.0
9470,2003120.0,1775000.0
7378,871080.0,800000.0
3172,2411160.0,1936000.0
1259,989180.0,1050000.0
9355,1234835.52,1626000.0
5706,454980.0,410000.0
4580,1623180.0,2200000.0
11181,1082880.0,1450000.0
2291,1176280.0,878500.0
188,703440.0,750000.0
5554,1652400.0,1250000.0
12301,1260400.0,1500000.0
5939,1113620.0,1030000.0
12074,634360.0,540000.0
10478,773640.0,617500.0
3035,1887200.0,1250000.0
9319,877100.0,790000.0
2465,1189520.0,1045000.0
4576,1470420.0,1805000.0
1454,596440.0,497000.0
6604,553600.0,474000.0
9737,768800.0,810000.0
7634,826660.0,670000.0
8348,764200.0,665000.0
1156,3643840.0,3105000.0
3858,1757726.28,2001000.0
4008,2198720.0,2600000.0
8703,819320.0,721500.0
4661,814840.0,780000.0
5788,395960.0,400000.0
675,1791520.0,1530000.0
8115,751420.0,582000.0
7218,445280.0,450000.0
10195,1870200.0,1550000.0
8176,1244120.0,1235000.0
11279,2233780.0,2330000.0
1509,1659140.0,1890000.0
13439,601880.0,540000.0
12106,874500.0,950000.0
13509,1032620.0,1118000.0
10440,2055580.0,2042000.0
10751,849340.0,704500.0
1563,1247040.0,950000.0
5589,593140.0,535000.0
8426,540920.0,511000.0
12782,655920.0,650000.0
11668,829960.0,830000.0
8089,509840.0,442500.0
4029,700400.0,750000.0
5357,1833440.0,1765000.0
9495,1869280.0,1350000.0
256,446512.0,440000.0
7292,715720.0,600000.0
1872,1034840.0,1301000.0
7663,895500.0,870000.0
1279,1062520.0,855000.0
5307,439420.0,681000.0
7262,800720.0,790000.0
4639,580140.0,500000.0
3735,641780.0,580000.0
3597,3470840.0,3550000.0
7920,825240.0,880000.0
3709,1466760.0,1963000.0
6304,330600.0,245000.0
9805,801660.0,570000.0
13556,473168.0,350000.0
13299,1059100.0,810000.0
3471,1216320.0,1010000.0
2043,773840.0,735000.0
9620,792160.0,740000.0
181,627420.0,730000.0
8314,800880.0,1005000.0
8791,857860.0,840000.0
4880,919000.0,1004000.0
644,2249400.0,2525000.0
6190,1778920.0,1751000.0
12076,436360.0,385000.0
600,1939300.0,1825000.0
3921,932180.0,920000.0
5808,743620.0,690000.0
7260,856200.0,709000.0
5500,924260.0,1001000.0
7420,582000.0,455000.0
8262,1086660.0,1200000.0
7483,1112912.0,1300000.0
6667,974040.0,850000.0
13139,1718640.0,1966000.0
2436,454920.0,435000.0
5682,423272.0,310000.0
2369,651920.0,645000.0
8195,1547115.52,1840000.0
1529,828180.0,633000.0
3048,1949760.0,1615000.0
4617,631360.0,522500.0
7892,802100.0,910000.0
637,1937966.28,1950000.0
5053,470630.0,405000.0
8701,1226820.0,900000.0
4153,1065210.0,1090000.0
9640,1083745.88,1150000.0
2464,1361960.0,1290000.0
8896,649560.0,655000.0
4548,894260.0,995000.0
6541,938400.0,1337500.0
5225,574180.0,550000.0
6997,3650920.0,3500000.0
11208,1545120.0,1610000.0
39,758480.0,730000.0
3780,1670920.0,1950000.0
11234,1679400.0,1860000.0
7605,831260.0,981000.0
7849,1581500.0,2555000.0
5805,511660.0,390000.0
8801,325520.0,310000.0
9511,2372400.0,1350000.0
6423,863960.0,765000.0
5218,427940.0,300000.0
3763,682580.0,770000.0
3132,1109610.0,956000.0
8584,767120.0,995000.0
5365,1526600.0,2640000.0
13234,951440.0,902000.0
11731,773500.0,650000.0
4741,922040.0,1060000.0
3485,928920.0,700000.0
620,1732542.8571428573,1388800.0
13542,994320.0,965000.0
4999,896180.0,860000.0
11726,716440.0,447000.0
4596,633950.0,750000.0
2873,725940.0,550000.0
14,415600.0,441000.0
10991,975280.0,615000.0
581,1728864.0,1500000.0
1090,1290260.0,1102000.0
12507,1946020.0,2200000.0
1467,972080.0,880000.0
192,744940.0,623000.0
3055,1545000.0,1460000.0
10474,781780.0,550000.0
3789,2004260.0,2415000.0
6502,1760440.0,1575000.0
9967,914720.0,620000.0
10756,954360.0,1095000.0
4761,1088520.0,875000.0
8785,917480.0,875000.0
11703,1382600.0,1515000.0
7848,1561940.0,1625000.0
7541,1565980.0,1726000.0
5606,407120.0,409000.0
3386,1903160.0,1470000.0
9335,1376800.0,1780000.0
11250,579500.0,729000.0
536,774008.0,760000.0
5895,1127400.0,1194000.0
13048,1545400.0,1412000.0
11766,503000.0,550000.0
3885,1750520.0,2412000.0
5505,979100.0,1080000.0
8893,1408840.0,1385000.0
4721,711420.0,795000.0
5601,497160.0,510000.0
5771,528220.0,495000.0
9468,1332640.0,1580000.0
7761,1126660.0,1005000.0
1540,1423040.0,1540000.0
1085,3109835.52,2800000.0
1994,1125280.0,990000.0
3042,1669680.0,1682000.0
12540,2016280.0,1950000.0
10821,874193.3333333333,802000.0
5941,716360.0,725000.0
12109,707240.0,725000.0
12976,1264480.0,1017500.0
4301,765500.0,800000.0
10362,396860.0,400000.0
13579,1126760.0,1285000.0
12562,1010260.0,1237000.0
2192,1335480.0,1362000.0
10115,603840.0,725000.0
3689,698140.0,620000.0
3367,1584140.0,1300000.0
4250,856940.0,1115000.0
11060,351680.0,560000.0
11858,483780.0,452000.0
7563,2489671.04,2000000.0
4436,1195200.0,926000.0
9155,732896.0,805000.0
13385,1362340.0,1340000.0
3494,777060.0,601200.0
8541,1150140.0,970000.0
7301,616140.0,760000.0
9537,931620.0,1018000.0
2406,1123180.0,770000.0
10570,910520.0,1030000.0
9764,1153400.0,855000.0
1624,646390.0,700000.0
294,1058720.0,1053000.0
7244,934208.0,756000.0
11973,592520.0,500000.0
4795,1579440.0,2100000.0
8580,1587100.0,1680000.0
6549,1655200.0,1860000.0
7990,445260.0,613000.0
3992,402980.0,375000.0
6783,373920.0,370000.0
12102,546780.0,582000.0
9064,1082120.0,1105000.0
2421,1644080.0,1870000.0
12491,421360.0,375000.0
2531,1566500.0,1481000.0
6665,918760.0,1050000.0
13330,396400.0,401000.0
2709,519285.28,370000.0
9099,618960.0,850000.0
13005,780060.0,650000.0
12849,480020.0,436000.0
10122,1752520.0,1590000.0
808,1301600.0,1210000.0
7071,463380.0,485000.0
6632,518480.0,650000.0
10121,1983400.0,1940000.0
5111,812020.0,644000.0
10651,648818.0,630000.0
6461,694640.0,632000.0
1414,1022960.0,1330000.0
9221,1795880.0,2265000.0
5063,1091275.52,1030000.0
6746,651480.0,726000.0
1495,679480.0,812500.0
2617,399440.0,365000.0
12841,1148500.0,950000.0
11015,1231200.0,1500000.0
8184,1108520.0,1306000.0
11627,1112680.0,1138000.0
10243,1895680.0,1970000.0
12940,2057000.0,1500000.0
11700,503800.0,520000.0
13334,1074460.12,975500.0
220,464900.0,292000.0
9332,701324.0,590000.0
12702,777920.0,858000.0
9544,748040.0,855000.0
4956,1002680.0,1080000.0
4324,664680.0,773000.0
11556,1459180.0,1190000.0
8712,1500300.0,1750000.0
1275,1506540.0,1450000.0
5211,662580.0,810000.0
201,658000.0,708000.0
7346,1294060.0,855000.0
3017,1955760.0,2140000.0
5189,487410.0,475000.0
11331,693240.0,560000.0
10308,751240.0,730000.0
4136,369520.0,470000.0
2999,710446.56,550000.0
8001,1046340.0,990000.0
10055,1072320.0,883000.0
7448,1747380.0,1975000.0
9512,1564800.0,1460000.0
3978,850060.0,780000.0
11262,558153.76,500000.0
12573,1259140.0,1341500.0
3943,752540.0,820000.0
4688,498980.0,525500.0
6909,526440.0,553500.0
190,726780.0,1405000.0
5502,976020.0,875000.0
13096,2427320.0,3000000.0
733,1202140.0,1200000.0
9138,664660.0,540000.0
7044,614520.0,595000.0
12948,549340.0,632000.0
8308,576970.0,652000.0
10674,640300.0,749000.0
3775,2310000.0,2300000.0
1402,671920.0,380000.0
7091,697800.0,731000.0
3344,470560.0,648000.0
8995,545720.0,507000.0
12818,425580.0,515000.0
9369,612200.0,490000.0
11727,953400.0,900000.0
8875,449800.0,460000.0
5136,431760.0,440000.0
1145,400960.0,671000.0
13218,1482300.0,1350000.0
42,705880.0,700000.0
2162,1093764.0,985000.0
6125,828560.0,736000.0
9981,1047900.0,1220000.0
9403,1334440.0,1550000.0
12129,1198580.0,1350000.0
10866,577720.0,510000.0
5329,1238880.0,1115000.0
11713,946120.0,880000.0
6474,614440.0,550000.0
487,793960.0,863000.0
12627,433120.0,420000.0
5938,763600.0,657500.0
8548,1036320.0,950000.0
12942,541550.0,640000.0
8038,2350560.0,1965000.0
11765,525640.0,510000.0
12367,1051840.0,1100000.0
2915,364740.0,230000.0
7803,1015380.0,1400000.0
8077,1419680.0,1620000.0
4654,788000.0,750000.0
6204,1383468.0,1500000.0
10546,698028.0,575000.0
12557,3825280.0,6400000.0
10778,668040.0,676000.0
4111,476100.0,440000.0
3923,1260876.0,1150000.0
338,1028600.0,1010000.0
12159,962480.0,980000.0
3673,2573400.0,2600000.0
2228,1946400.0,2600000.0
2076,852680.0,750000.0
6803,1170820.0,1325000.0
2052,1150255.52,1050000.0
5426,1128340.0,1150000.0
9770,1892160.0,1800000.0
10166,316180.0,263100.0
5894,1317708.0,1635000.0
4944,504660.0,530000.0
12559,647600.0,710000.0
3515,718100.0,650000.0
3269,586428.0,510000.0
3147,1764920.0,1741000.0
4866,1622320.0,1255000.0
11794,579764.0,601000.0
5034,417100.0,336000.0
7818,647140.0,707000.0
13051,838080.0,782500.0
3851,2825260.0,2800000.0
6503,785660.0,830000.0
1573,2115240.0,2325000.0
1593,2044680.0,1400000.0
12115,1037484.0,1250000.0
6859,1130980.0,1935000.0
12069,736736.0,670000.0
8481,651990.0,677500.0
11610,1262580.0,1260000.0
11281,750700.0,650000.0
1466,1323720.0,1336000.0
13194,830260.0,785000.0
13531,2261080.0,1800000.0
6736,1179668.0,1150000.0
369,1066420.0,925000.0
1376,1549400.0,1410000.0
4070,2094700.0,2400000.0
4683,629700.0,600000.0
11010,614420.0,552000.0
10639,594340.0,557000.0
8771,876960.0,950000.0
2070,581500.0,570000.0
6907,771560.0,783000.0
7184,303680.0,260000.0
5341,1602440.0,1820000.0
11818,2042720.0,2225000.0
5062,840960.0,998000.0
13344,2040180.0,2550000.0
3125,612720.0,806000.0
6934,806160.0,643000.0
1242,816840.0,903000.0
4019,666040.0,702000.0
6409,992720.0,910000.0
10632,837031.04,760000.0
12173,700540.0,695000.0
6193,1029440.0,1201000.0
2995,517240.0,542500.0
13293,638968.0,645000.0
10979,732440.0,730000.0
11842,733520.0,715500.0
989,1620580.0,1661000.0
7588,1983260.0,1900000.0
2606,1517000.0,1300000.0
8287,731430.0,725000.0
1556,1415040.0,1615000.0
8764,763420.0,816000.0
1665,1414520.0,1800000.0
9602,673661.6,730000.0
9415,2675035.52,3050000.0
7809,1136600.0,1131000.0
10272,887560.0,617000.0
3849,1735820.0,1555000.0
11180,1236580.0,1200000.0
5226,445240.0,477000.0
8243,1343000.0,1305000.0
13269,970720.0,820000.0
2940,524060.0,442000.0
7534,1106200.0,959000.0
2754,1686200.0,1500000.0
8835,682720.0,650000.0
9090,543700.0,350000.0
1501,807380.0,833000.0
12468,2781620.0,1250500.0
8457,622380.0,716000.0
1570,1369260.0,1300000.0
10374,640480.0,520000.0
9980,1021180.0,1230000.0
2247,530520.0,500000.0
10676,357900.0,330000.0
8557,793920.0,510000.0
4527,564600.0,475000.0
6080,587380.0,690000.0
13570,1150360.0,970000.0
5292,1367320.0,1555000.0
9419,1974000.0,2050000.0
5160,952460.0,1700000.0
124,2510800.0,2840000.0
3460,669860.0,695000.0
8590,865220.0,810000.0
4800,2203720.0,2160000.0
10665,700720.0,664000.0
1194,2191840.0,2500000.0
10504,968888.0,1085000.0
5118,365080.0,452000.0
3358,830840.0,962000.0
9115,593260.0,667000.0
12194,527540.0,686000.0
2284,1181800.0,1238000.0
11115,1115130.0,940000.0
11972,1327240.0,1460000.0
8162,494110.0,420000.0
9442,855540.0,725000.0
9182,1093060.0,970000.0
1662,1387860.0,1843000.0
10512,614080.0,600000.0
4942,815920.0,815000.0
9229,866380.0,815000.0
1656,2915000.0,3550000.0
4003,907280.0,675000.0
613,2116400.0,1480000.0
7519,1393360.0,1860000.0
7394,1012457.6,931999.0
6005,599020.0,591500.0
10276,1156440.0,990000.0
1167,721800.0,700000.0
8517,426440.0,490000.0
9875,1414440.0,1390000.0
6248,1462700.0,1509000.0
11302,298140.0,275000.0
788,845280.0,760000.0
9245,732160.0,730000.0
12275,616560.0,632000.0
3771,960020.0,905000.0
5091,771380.0,650000.0
12311,645340.0,670000.0
9729,456600.0,422500.0
3459,810840.0,825000.0
10326,737540.0,802500.0
5923,998120.0,1285000.0
10170,628340.0,714000.0
7567,2615480.0,2415000.0
7917,569660.0,720000.0
11650,805948.0,816000.0
8681,805320.0,840000.0
2916,760540.0,607000.0
9934,366500.0,395000.0
10020,464860.0,630000.0
11729,1110220.0,1005000.0
528,810288.0,500000.0
9134,596780.0,480000.0
8094,363920.0,439000.0
8023,750720.0,738000.0
7199,309720.0,296000.0
4770,807040.0,720000.0
958,1292980.0,1015000.0
7705,303600.0,285000.0
13519,1126000.0,1260000.0
12789,1339795.52,1200000.0
10630,723940.32,670000.0
6920,620402.96,752500.0
9627,558072.0,455000.0
1585,764568.0,620000.0
13015,2034240.0,2118000.0
10171,839620.0,880000.0
11125,1391880.0,1225000.0
2272,606760.0,550000.0
12290,598920.0,557500.0
6184,1417760.0,1205000.0
10898,2095840.0,1750000.0
10035,984280.0,1085000.0
90,1839032.0,1800000.0
9202,646600.0,580000.0
8776,1113115.52,922000.0
11114,1083240.0,1200000.0
13276,699960.0,785000.0
11645,1853200.0,710000.0
8881,808090.0,655000.0
238,1347680.0,1586000.0
12495,869235.52,820000.0
3050,794600.0,786000.0
7864,953620.0,917000.0
3427,509200.0,545000.0
11296,771000.0,631000.0
5728,434720.0,455000.0
8242,1535640.0,1251000.0
522,683300.0,605000.0
1106,687710.0,756000.0
6419,1028520.0,1102500.0
10776,559640.0,620000.0
11755,628200.0,445000.0
8586,626680.0,500000.0
3496,811840.0,680000.0
1351,847080.0,800000.0
13318,1094300.0,1202000.0
6389,1222040.0,1210000.0
13060,2057120.0,2567500.0
2686,535437.76,420000.0
2923,779920.0,710000.0
1530,1366400.0,1070500.0
1941,1026940.0,825000.0
2875,964280.0,980000.0
12484,1487480.0,1600000.0
5964,685020.0,590000.0
8860,206920.0,210000.0
5044,824400.0,931000.0
4624,684000.0,815000.0
4583,1028480.0,1265000.0
10560,1284360.0,1367000.0
13197,2208660.0,2500000.0
3016,2723680.0,3250000.0
6113,2124340.0,2200000.0
2445,1833460.0,2355000.0
9430,830120.0,950000.0
11562,486720.0,454000.0
144,830780.0,1120000.0
7710,492640.0,603000.0
6526,1144440.0,1000000.0
2473,428580.0,370000.0
9344,753260.0,790500.0
1842,1740040.0,1774500.0
1678,892000.0,800000.0
9001,1764400.0,1380000.0
5375,1138800.4,1430000.0
5864,2330240.0,1950000.0
2841,1525800.0,1500000.0
13177,1456140.0,1730000.0
1098,2816835.52,2400000.0
9493,869220.0,862000.0
8370,597740.0,485000.0
8691,401880.0,546000.0
4313,1080880.0,850000.0
8972,1394683.52,2070000.0
13140,359820.0,381000.0
1237,1444080.0,1100000.0
4174,1624280.0,1300000.0
2791,1697400.0,1456000.0
2860,1545020.0,1310000.0
5254,759640.0,705000.0
1892,1601220.0,1226000.0
8112,1549480.0,1656000.0
1328,1041700.0,1015000.0
10822,830340.0,1016000.0
8432,724408.0,571000.0
10824,587200.0,631000.0
9947,1919060.0,1690000.0
9901,888320.0,925000.0
10394,433680.0,295000.0
8654,1124350.0,1321000.0
11252,1511708.0,1157000.0
4981,787200.0,850000.0
11927,2198260.0,2400000.0
1252,654490.0,563000.0
6342,1608700.0,1635000.0
8981,1037360.0,1015000.0
6789,1301640.0,1125000.0
10303,760620.0,650000.0
8223,532300.0,520000.0
7537,686880.0,780000.0
1568,472120.0,430000.0
7852,970960.0,1100000.0
4025,1361680.0,1630000.0
2483,413540.0,340000.0
12402,1715160.0,1280000.0
8946,1300060.0,1160000.0
5566,531160.0,480000.0
1088,771200.0,1100000.0
3245,786750.0,909000.0
11577,1790880.0,1450000.0
12192,1274340.0,1310000.0
9479,993800.0,1237000.0
9083,631240.0,620000.0
8042,676450.0,736000.0
9170,561640.0,680000.0
2335,626860.0,526000.0
13021,1716980.0,1800000.0
11206,2895600.0,1600000.0
7351,382760.0,327000.0
8545,889032.0,872500.0
3714,1001480.0,1290000.0
7645,1318840.0,1200000.0
8227,743760.0,770000.0
10067,611660.0,632500.0
13076,1207480.0,990000.0
11930,753600.0,682000.0
2238,1477160.0,1500000.0
2305,656372.0,525500.0
8014,1750400.0,1740000.0
13564,599915.52,540000.0
8985,910400.0,845000.0
10859,844360.0,778000.0
5122,478700.0,380000.0
2619,416040.0,425000.0
13265,1793560.0,1725000.0
12177,707620.0,585000.0
13405,1096400.0,1188000.0
11827,564340.0,520000.0
1989,1022040.0,725000.0
2263,652200.0,599999.0
5252,676700.0,680000.0
382,1732780.0,1710000.0
4861,1288200.0,1582000.0
247,392040.0,390000.0
5970,612840.0,551000.0
3429,913600.0,751000.0
10063,1573840.0,1450000.0
6422,591720.0,546000.0
2054,1134760.04,935000.0
13050,2607133.333333334,1400000.0
13324,816320.0,840000.0
799,1231140.0,1960000.0
5710,644360.0,826000.0
3051,976880.0,742000.0
180,1131760.0,1500000.0
2206,1514880.0,1601000.0
12186,1058220.0,891000.0
5303,569770.0,512000.0
5278,711460.0,635000.0
13129,602560.0,522000.0
8066,1698460.0,1380000.0
1218,1770000.0,1800000.0
3634,2126480.0,1800000.0
9011,1667360.0,1500000.0
6611,863000.0,602500.0
11682,550120.0,519500.0
9397,643884.0,670000.0
8606,2259680.0,2275000.0
9506,816860.0,850000.0
12924,890840.0,1234000.0
9887,648815.52,653000.0
4254,819456.0,801000.0
7082,640520.0,600000.0
10252,612440.0,500000.0
7933,1386240.0,840000.0
580,2587360.0,3900000.0
13503,1976280.0,1840000.0
9562,445040.0,422000.0
12457,1127920.0,980000.0
7749,604440.0,677776.0
5822,363480.0,330000.0
7955,1508300.0,1264000.0
9301,589380.0,642500.0
8582,960804.0,1520000.0
7025,752640.0,701000.0
347,459840.0,390000.0
7070,2098000.0,2200000.0
10607,1219100.0,1150000.0
11619,1187720.0,1400000.0
13574,518960.0,582000.0
4604,1305640.0,1465000.0
8226,1047400.0,958000.0
3447,858920.0,650000.0
3180,1677966.28,1780000.0
8749,503260.0,518500.0
8704,1054504.0,1060000.0
3023,2464640.0,1686500.0
6163,726360.0,620000.0
2569,920620.0,1054000.0
9685,1172580.0,1355000.0
5071,935920.0,1015000.0
5804,425676.6666666666,475000.0
377,1361200.0,1100000.0
11581,797100.0,665000.0
4977,715340.0,780000.0
13516,1486800.0,1700000.0
4628,660440.0,775000.0
11544,413720.0,380000.0
7089,898360.0,980000.0
12868,1123548.0,1060000.0
7642,1207940.0,1270000.0
7328,656840.0,600000.0
7667,943040.0,813000.0
2898,344420.0,250000.0
7947,1347640.0,1620000.0
12036,1146920.0,1200000.0
3697,2073600.0,1830000.0
8240,542160.0,600000.0
12555,837700.0,875000.0
10781,1144700.0,1365000.0
6169,1767540.0,1518000.0
1003,1686840.0,1170000.0
4993,895868.0,1040000.0
9765,1614200.0,1210000.0
7700,1691000.0,1300000.0
32,1241060.0,1290000.0
4897,1405440.0,942000.0
7943,1513020.0,1800000.0
10843,1391480.0,1635000.0
11362,842352.0,878000.0
3341,1375440.0,1337000.0
12996,1276620.0,1700000.0
7279,919600.0,820000.0
8132,898540.0,975000.0
3638,2530800.0,2625000.0
11411,770360.0,575000.0
12264,1130120.0,926000.0
1364,1380000.0,1790000.0
1072,849460.0,620000.0
12284,1334480.0,1620000.0
11018,464040.0,515000.0
10564,1055540.0,1190000.0
2669,560600.0,375000.0
10347,540820.0,492000.0
655,1685680.0,1550000.0
6087,698040.0,555000.0
1139,2744422.08,3050000.0
9101,1248940.0,700000.0
9634,1746200.0,1850000.0
9656,1163060.0,1300000.0
4919,1039720.0,916000.0
12325,704628.0,780000.0
13414,1173200.0,1240000.0
233,1210000.0,3625000.0
50,500530.0,530000.0
11364,471707.52,395000.0
12926,1712360.0,1000000.0
5879,404360.0,400000.0
226,398980.0,421500.0
4708,2657680.0,2105000.0
2124,1130796.0,855000.0
8344,1133160.0,1150000.0
944,1201360.0,1040000.0
2278,538120.0,632000.0
13091,2004000.0,2100000.0
10783,934260.0,880000.0
2826,3167480.0,3860000.0
7603,853280.0,830000.0
3355,1691100.0,1680000.0
12438,503880.0,640000.0
9205,1193760.0,990000.0
1832,1370520.0,1470000.0
7348,743380.0,665000.0
7746,809960.0,930000.0
7613,855040.0,884000.0
7755,954440.0,941000.0
12472,773280.0,1250000.0
6543,1828280.0,1630000.0
5463,1050960.0,1020000.0
8598,615740.0,687000.0
5416,471380.0,410000.0
8147,910800.0,960000.0
11299,1348640.0,1300000.0
13487,652600.0,710000.0
13142,1038480.0,1100000.0
1643,1804060.0,2200000.0
8253,1528400.0,880000.0
6296,420480.0,350000.0
8430,640880.0,700000.0
3368,1062260.0,1020000.0
7907,599640.0,643000.0
6022,734960.0,690000.0
10963,1480720.0,1310000.0
242,347700.0,400000.0
9179,3684200.0,5510000.0
1102,1019540.0,900000.0
4336,2644160.0,2920000.0
7575,881620.0,725000.0
5929,718580.0,735000.0
12806,1248280.0,780000.0
2495,572280.0,602000.0
12171,641720.0,475000.0
7664,1401080.0,1385000.0
3965,806640.0,820000.0
555,628700.0,754000.0
5707,477600.0,260800.0
8774,1065990.0,1030000.0
1550,1490800.0,1485000.0
11318,1189480.0,1950000.0
6145,1928420.0,1975000.0
4782,496520.0,455500.0
10528,1661960.0,1785000.0
10259,1174260.0,1980000.0
11959,445368.0,390000.0
13434,2062460.0,2690000.0
1750,503190.0,455000.0
5124,455280.0,400000.0
2081,1112720.0,1320000.0
10792,820760.0,635000.0
8222,1312520.0,1410000.0
4046,1088300.0,1200000.0
9496,920880.0,859000.0
5982,649600.0,570000.0
3861,1131360.0,1135000.0
1611,2049200.0,3400000.0
6404,643000.0,525000.0
10150,1854160.0,1605000.0
13510,633472.0,710000.0
11316,731700.0,696000.0
10278,558840.0,455000.0
8763,1583360.0,1320000.0
9437,1229400.0,1112000.0
6301,343460.0,383000.0
5150,417820.0,330000.0
148,472550.0,406000.0
3260,948960.0,1060000.0
10735,409004.0,338000.0
11724,719680.0,798000.0
11679,621520.0,645000.0
11851,714900.0,830000.0
8516,529170.0,550000.0
2550,1134280.0,800000.0
3618,563480.0,525000.0
1101,3616300.0,2730000.0
7471,1194680.0,1230000.0
11613,764200.0,800000.0
309,992440.0,955000.0
785,686800.0,760000.0
7905,706100.0,730000.0
7673,2353440.0,2110000.0
13567,1260520.0,1316000.0
3824,1918120.0,2355000.0
10591,591100.0,590000.0
915,1290840.0,1150000.0
8269,1157760.0,1020000.0
10329,579700.0,500000.0
6104,559040.0,510000.0
8750,681200.0,692000.0
8350,879420.0,1085000.0
5206,296840.0,220000.0
5770,545960.0,575000.0
6319,1094240.0,1211000.0
12675,3086220.0,2835000.0
1899,1113480.0,880000.0
548,640600.0,460000.0
6659,1452500.0,1930000.0
10780,1090390.0,1175000.0
6023,734480.0,605000.0
9916,2018320.0,2370000.0
12690,1055280.0,1200000.0
140,1794060.0,1950000.0
9391,533482.2,750000.0
2475,624020.0,590000.0
11533,1233760.0,1265000.0
6734,1543760.0,3900000.0
8631,620300.0,425000.0
4892,912320.0,837000.0
6058,595660.0,581000.0
7546,688980.0,925000.0
10085,1263260.0,1180000.0
3852,1726000.0,2305000.0
3779,2035780.0,2025000.0
12425,1365760.0,1525000.0
4700,1286240.0,1100000.0
4425,908340.0,830000.0
12746,1183980.0,1060000.0
1766,383020.0,350000.0
7168,290240.0,250000.0
6221,1160280.0,982000.0
3420,553340.0,740000.0
7956,1018620.0,1462000.0
633,1986520.0,1750000.0
12298,778596.0,760000.0
5784,565460.0,465000.0
2828,579600.0,856500.0
10699,558660.0,615888.0
9968,1907640.0,1200000.0
11283,1592980.0,1384000.0
5094,814460.0,635000.0
6137,1092700.0,680000.0
11568,855740.0,830000.0
1386,1461020.0,1755000.0
5943,578040.0,460000.0
3899,1185800.0,950000.0
2224,1403560.0,800000.0
4022,1291880.0,1920000.0
6053,706760.0,496000.0
9129,601560.0,750000.0
6710,953740.0,780000.0
7556,1415440.0,2225000.0
10057,716160.0,755000.0
11802,796660.0,580000.0
6608,1082400.0,915000.0
1607,684840.0,558000.0
5690,2445733.333333334,1800000.0
8480,868432.0,952000.0
7342,979700.0,633500.0
6623,801800.0,721000.0
12176,1266540.0,1050000.0
8427,605360.0,515000.0
5893,1109120.04,1321000.0
9894,504380.0,512000.0
4636,798640.0,790000.0
8088,2139800.0,2100000.0
10750,698840.0,676000.0
9066,1230760.0,1325000.0
893,805880.0,750000.0
8782,569488.24,572000.0
8723,1889380.0,2345000.0
9518,899399.96,810000.0
9975,1243960.0,1220500.0
2524,635720.0,692000.0
9755,949780.0,940000.0
5962,820760.0,595999.0
11784,676160.0,685000.0
3648,2861000.0,3650000.0
11414,697520.0,795000.0
9109,875860.0,690000.0
12081,571780.0,490000.0
10772,1677267.52,1620000.0
12280,1231880.0,1482000.0
464,907980.0,850000.0
11292,1350426.56,950000.0
2140,1585800.0,1400000.0
3761,1040480.0,1060000.0
7004,1475600.0,1590000.0
4691,940640.0,960000.0
1534,838600.0,752000.0
6260,973900.0,700000.0
2869,497100.0,500000.0
728,2183440.0,2255000.0
3030,1995200.0,1680000.0
5481,814862.0,990000.0
9719,898080.0,1410000.0
3232,688980.0,580000.0
3265,533180.0,400000.0
10628,1576200.0,1297000.0
841,882940.0,860000.0
4629,1010560.0,990000.0
12213,1330880.0,1436000.0
779,1063680.0,1096000.0
4938,1239640.0,1200000.0
13029,688120.0,756000.0
2545,815900.0,660000.0
7104,698960.0,730000.0
4831,602940.0,590000.0
1685,2457680.0,2520000.0
4840,518920.0,615000.0
9816,1776320.0,1268000.0
3256,948440.0,950000.0
1343,710360.0,542000.0
2158,1180600.0,1190000.0
8796,832100.0,805000.0
2301,1610600.0,1625000.0
4142,1270928.0,1111000.0
6967,544540.0,555000.0
4036,2306480.0,2200000.0
4520,636120.0,358500.0
749,1285880.0,1095000.0
9531,472200.0,485000.0
6649,1091680.0,706000.0
12649,1765520.0,1450000.0
12165,457920.0,555000.0
1170,1691560.0,1445000.0
10283,778600.0,740000.0
3157,649920.0,645000.0
2664,469604.0,305000.0
8513,1471000.0,1412000.0
12922,1339760.0,1230000.0
10761,1300580.0,1270000.0
2110,1149880.0,1000000.0
