{
  "name": "tictactoe",
  "title": "Tic Tac Toe",
  "description": "Classic Tic Tac Toe",
  "version": "1.0.0",
  "agents": [2],
  "configuration": {
    "steps": {
      "description": "Maximum number of steps the environment can run.",
      "type": "integer",
      "minimum": 10,
      "default": 10
    }
  },
  "reward": {
    "description": "0 = Lost, 0.5 = Draw, 1 = Won",
    "enum": [0, 0.5, 1],
    "default": 0.5
  },
  "observation": {
    "board": {
      "description": "Serialized 3x3 grid. 0 = Empty, 1 = X, 2 = O",
      "type": "array",
      "default": [0, 0, 0, 0, 0, 0, 0, 0, 0],
      "minItems": 9,
      "maxItems": 9
    },
    "mark": {
      "description": "Mark for the agent to use",
      "enum": [1, 2]
    }
  },
  "action": {
    "description": "Position to place a mark on the board.",
    "type": "integer",
    "minimum": 0,
    "maximum": 8
  },
  "reset": {
    "status": ["ACTIVE", "INACTIVE"],
    "observation": [{ "mark": 1 }, { "mark": 2 }],
    "reward": 0.5
  }
}
